word,condition,n,word_count_mean,word_count_sd,word_count_median,word_count_min,word_count_max,char_count_mean,char_count_sd,char_count_median,char_count_min,char_count_max,sentence_count_mean,sentence_count_sd,sentence_count_median,sentence_count_min,sentence_count_max,bullet_count_mean,bullet_count_sd,bullet_count_median,bullet_count_min,bullet_count_max,input_tokens_mean,input_tokens_sd,input_tokens_median,input_tokens_min,input_tokens_max,output_tokens_mean,output_tokens_sd,output_tokens_median,output_tokens_min,output_tokens_max,latency_sec_mean,latency_sec_sd,latency_sec_median,latency_sec_min,latency_sec_max,uncertainty_count_mean,uncertainty_count_sd,uncertainty_count_median,uncertainty_count_min,uncertainty_count_max,animal_terms_count_mean,animal_terms_count_sd,animal_terms_count_median,animal_terms_count_min,animal_terms_count_max,object_terms_count_mean,object_terms_count_sd,object_terms_count_median,object_terms_count_min,object_terms_count_max,idea_terms_count_mean,idea_terms_count_sd,idea_terms_count_median,idea_terms_count_min,idea_terms_count_max,specific_terms_total_mean,specific_terms_total_sd,specific_terms_total_median,specific_terms_total_min,specific_terms_total_max,domain_marker_variety_mean,domain_marker_variety_sd,domain_marker_variety_median,domain_marker_variety_min,domain_marker_variety_max,usable_rate,usable_count,uncertainty_present_rate,uncertainty_present_count,epistemic_caveat_rate,epistemic_caveat_count,refusal_or_noninvent_rate,refusal_or_noninvent_count,creative_frame_rate,creative_frame_count,taxonomy_marker_rate,taxonomy_marker_count,offer_or_context_request_rate,offer_or_context_request_count,physical_description_rate,physical_description_count,behavior_ecology_rate,behavior_ecology_count,function_mechanism_rate,function_mechanism_count,abstract_conceptual_rate,abstract_conceptual_count,high_specificity_rate,high_specificity_count,substantive_generation_rate,substantive_generation_count,cautious_nonanswer_rate,cautious_nonanswer_count,caveated_generation_rate,caveated_generation_count,category_aligned_rate,category_aligned_count
borthorpunius,imaginary_animal,20,202.5,7.4090982475673295,202.0,182,213,1325.65,31.76770124049367,1326.5,1244,1394,9.95,1.571958215595741,10.0,6,12,1.25,1.5852942612451613,0.0,0,4,24.0,0.0,24.0,24,24,326.75,11.49771144276341,324.0,308,351,8.5024,0.4092945664252865,8.442499999999999,7.84,9.466,0.3,0.6569466853317862,0.0,0,2,6.35,2.0072237962970276,6.0,2,10,1.2,1.0563093645728086,1.0,0,3,0.1,0.3077935056255462,0.0,0,1,7.65,2.497893849668261,8.0,3,12,2.75,0.7163503994113789,3.0,2,4,1.0,20,0.2,4,0.0,0,0.0,0,0.05,1,0.35,7,0.0,0,1.0,20,1.0,20,0.35,7,0.05,1,0.8,16,1.0,20,0.0,0,0.0,0,1.0,20.0
borthorpunius,imaginary_idea,20,196.0,9.43119125143015,196.5,183,216,1317.65,60.59205697466504,1319.5,1217,1446,7.65,2.5188761069384222,7.5,4,14,4.2,2.2384204957490614,4.0,0,8,24.0,0.0,24.0,24,24,314.4,10.708579934357608,316.5,296,331,8.60615,0.3932408228259653,8.643,7.718,9.415,1.2,1.0052493799000692,1.0,0,3,0.7,0.8013147091860318,1.0,0,3,3.3,2.494203807145468,3.0,0,9,1.45,1.145931016569864,1.0,0,5,5.45,2.523051619306313,5.5,1,10,3.95,1.0990426455975697,4.0,1,5,1.0,20,0.7,14,0.0,0,0.0,0,0.8,16,0.6,12,0.05,1,0.95,19,0.95,19,0.6,12,0.85,17,0.5,10,1.0,20,0.0,0,0.0,0,0.15,3.0
borthorpunius,imaginary_object,20,213.45,13.512080364972439,215.5,186,239,1304.9,74.23781133343674,1319.5,1099,1454,9.55,1.0990426455975697,10.0,7,12,0.4,1.2311740225021848,0.0,0,4,24.0,0.0,24.0,24,24,306.5,14.442262543258968,307.5,270,328,8.5689,0.5057007540350114,8.459,7.525,9.567,1.65,1.694418080515829,1.5,0,6,0.75,0.8506963092234007,1.0,0,3,9.3,2.4083189157584592,9.0,5,14,0.15,0.36634754853252327,0.0,0,1,10.2,2.6277867413271454,10.0,6,15,2.6,0.7539370349250519,3.0,1,4,1.0,20,0.65,13,0.05,1,0.0,0,0.6,12,0.4,8,0.0,0,1.0,20,0.15,3,0.95,19,0.1,2,1.0,20,1.0,20,0.0,0,0.05,1,1.0,20.0
borthorpunius,neutral,20,77.3,9.14272791262053,76.0,55,96,464.5,60.713737281910454,461.5,341,597,5.5,1.0513149660756935,6.0,4,7,2.2,1.361114094757441,3.0,0,4,17.0,0.0,17.0,17,17,115.05,15.652391779566873,112.0,80,145,3.7406999999999995,0.5566093877454061,3.746,2.916,4.681,2.65,0.8750939799154205,2.0,2,4,0.25,0.4442616583193193,0.0,0,1,0.95,0.6048053188292994,1.0,0,2,0.35,0.4893604849295929,0.0,0,1,1.55,1.3168942730211068,1.0,0,4,0.6,0.5982430416161189,1.0,0,2,1.0,20,1.0,20,1.0,20,0.0,0,0.5,10,0.05,1,1.0,20,0.0,0,0.0,0,0.2,4,0.35,7,0.0,0,0.0,0,1.0,20,0.0,0,,
borthorpunius,real_animal,20,87.95,6.5169818652178995,86.5,79,103,510.85,44.51880146871125,501.0,455,606,6.05,1.0990426455975697,6.0,4,9,0.6,1.2311740225021848,0.0,0,3,23.0,0.0,23.0,23,23,122.15,13.11598061024875,117.5,110,157,3.5848999999999998,0.5391434629894075,3.3565,2.923,4.659,5.05,1.2763022245616644,5.0,3,8,2.35,0.6708203932499369,2.0,1,4,1.05,0.22360679774997894,1.0,1,2,0.0,0.0,0.0,0,0,3.4,0.5982430416161189,3.0,3,5,0.25,0.4442616583193193,0.0,0,1,1.0,20,1.0,20,1.0,20,0.05,1,0.15,3,0.25,5,1.0,20,0.0,0,0.0,0,0.0,0,0.0,0,0.0,0,0.0,0,1.0,20,0.0,0,0.95,19.0
borthorpunius,real_idea,20,86.85,11.370668637470617,85.0,73,113,529.6,65.61001207293387,511.5,457,690,5.95,1.4680814547887786,6.0,3,9,2.5,1.5727950313140984,2.0,0,6,23.0,0.0,23.0,23,23,128.3,16.521437429498746,124.5,109,165,3.9905,0.40982878324850175,3.8715,3.183,4.723,3.35,1.4244112357114613,3.0,2,6,0.1,0.30779350562554625,0.0,0,1,1.05,0.22360679774997896,1.0,1,2,0.75,0.8506963092234007,1.0,0,3,1.9,1.2096106376585989,2.0,1,5,0.9,0.6407232755171874,1.0,0,2,1.0,20,1.0,20,1.0,20,0.2,4,0.1,2,0.2,4,1.0,20,0.0,0,0.0,0,0.0,0,0.7,14,0.0,0,0.0,0,1.0,20,0.0,0,0.1,2.0
borthorpunius,real_object,20,82.65,8.701330811705576,83.5,64,98,503.8,50.384416972752696,506.5,394,597,4.2,0.523148363780597,4.0,3,5,2.5,1.3178930553209385,3.0,0,4,23.0,0.0,23.0,23,23,119.8,12.471441059687656,122.0,97,142,4.10445,0.9479830375453372,3.9925,2.952,7.628,3.8,1.105012502906165,4.0,2,6,0.3,0.47016234598162726,0.0,0,1,1.85,0.6708203932499369,2.0,1,3,0.35,0.48936048492959294,0.0,0,1,2.5,1.2773327473170102,2.0,1,4,0.4,0.5982430416161189,0.0,0,2,1.0,20,1.0,20,1.0,20,0.1,2,0.05,1,0.0,0,1.0,20,0.05,1,0.0,0,0.0,0,0.35,7,0.0,0,0.0,0,1.0,20,0.0,0,1.0,20.0
borthorpunius,type_of_animal,20,109.45,20.66136745869348,103.0,84,167,652.4,123.391290317898,598.0,509,1005,4.7,0.5712405705774795,5.0,4,6,2.95,0.7591546545162483,3.0,0,4,24.0,0.0,24.0,24,24,158.95,29.849579032560122,150.5,116,242,4.48235,1.0224544398548756,4.156499999999999,3.145,7.226,4.8,1.0563093645728086,5.0,3,6,3.75,1.1641577031891928,4.0,1,6,0.65,0.48936048492959294,1.0,0,1,0.0,0.0,0.0,0,0,4.4,1.0954451150103326,4.0,2,7,0.4,0.5026246899500346,0.0,0,1,1.0,20,1.0,20,1.0,20,0.25,5,1.0,20,0.35,7,1.0,20,0.0,0,0.0,0,0.05,1,0.0,0,0.1,2,0.1,2,0.9,18,0.1,2,0.95,19.0
borthorpunius,type_of_idea,20,142.25,12.685984807113552,142.5,113,172,858.65,82.38821773198296,863.5,700,1034,4.25,1.4095538674570611,4.0,3,7,4.2,1.5078740698501039,3.0,3,6,24.0,0.0,24.0,24,24,212.85,20.699033793875497,214.0,177,264,5.98295,0.5450308030889534,5.9895,5.241,6.986,4.3,1.5252264715358452,4.0,2,7,0.0,0.0,0.0,0,0,0.0,0.0,0.0,0,0,3.3,1.3018205875255098,3.0,1,6,3.3,1.3018205875255098,3.0,1,6,1.55,0.6863327411532597,1.0,1,3,1.0,20,1.0,20,1.0,20,0.25,5,1.0,20,0.1,2,0.7,14,0.0,0,0.0,0,0.45,9,1.0,20,0.1,2,0.55,11,0.35,7,0.55,11,1.0,20.0
borthorpunius,type_of_object,20,106.4,22.887367234947938,100.5,75,152,635.0,130.1497113651085,604.5,452,883,4.95,1.9049796241485244,4.0,3,10,3.65,1.1367080817685318,3.0,3,6,24.0,0.0,24.0,24,24,159.8,32.37705490328801,148.0,116,219,4.3545,0.8652085541100846,3.9705000000000004,3.37,6.673,4.15,1.5312533566021214,4.5,1,7,0.0,0.0,0.0,0,0,1.1,0.8522416262267903,1.0,0,3,0.5,0.512989176042577,0.5,0,1,1.6,0.9947229183096798,1.5,0,4,0.9,0.7181848464596078,1.0,0,2,1.0,20,1.0,20,0.85,17,0.0,0,1.0,20,0.15,3,1.0,20,0.0,0,0.0,0,0.25,5,0.5,10,0.0,0,0.1,2,0.75,15,0.1,2,0.55,11.0
garnawkinsuth,imaginary_animal,20,216.4,16.242893182785153,212.5,196,259,1368.2,104.6842872641353,1349.0,1236,1654,9.65,1.2258187382102497,10.0,8,12,0.3,0.9233805168766387,0.0,0,3,23.0,0.0,23.0,23,23,327.45,26.867070433603487,326.0,297,400,8.92785,0.7972920798090971,8.823,7.918,10.728,0.2,0.41039134083406165,0.0,0,1,6.3,2.054520048960084,6.0,3,11,0.9,0.9119095061289915,1.0,0,3,0.15,0.3663475485325232,0.0,0,1,7.35,2.4553914898486253,7.0,3,13,2.9,0.9119095061289915,3.0,2,5,1.0,20,0.2,4,0.0,0,0.0,0,0.05,1,0.45,9,0.0,0,1.0,20,0.95,19,0.35,7,0.15,3,0.8,16,1.0,20,0.0,0,0.0,0,1.0,20.0
garnawkinsuth,imaginary_idea,20,114.6,16.45216351154238,115.0,89,148,676.7,99.1962966201758,680.5,534,875,3.45,0.6863327411532597,3.0,2,5,3.0,0.9733285267845752,3.0,0,6,23.0,0.0,23.0,23,23,170.25,21.245123279423325,171.5,137,211,4.9296999999999995,0.5873300067611952,5.0255,3.828,5.969,3.35,1.6630662866176473,3.0,1,7,0.4,0.5982430416161189,0.0,0,2,0.45,0.6048053188292994,0.0,0,2,2.35,0.812727700887249,2.0,1,4,3.2,1.399247918291146,3.0,1,5,1.4,0.5026246899500345,1.0,1,2,1.0,20,1.0,20,0.8,16,0.05,1,1.0,20,0.1,2,0.95,19,0.05,1,0.0,0,0.25,5,1.0,20,0.0,0,0.25,5,0.55,11,0.2,4,0.9,18.0
garnawkinsuth,imaginary_object,20,211.25,24.054488584308576,216.0,135,235,1275.6,144.34403347558225,1312.5,827,1415,10.3,2.273416163537063,10.0,5,15,0.15,0.6708203932499369,0.0,0,3,23.0,0.0,23.0,23,23,288.05,27.643358391445403,292.0,206,322,8.472150000000001,0.9714709018585658,8.5395,6.052,9.918,2.75,1.332784974957958,3.0,0,5,0.25,0.5501196042201808,0.0,0,2,7.45,2.4165002967536595,8.0,0,10,0.15,0.36634754853252327,0.0,0,1,7.85,2.3457688673327066,8.5,1,11,2.25,0.6386663736585052,2.0,1,4,1.0,20,0.95,19,0.15,3,0.1,2,0.95,19,0.15,3,0.0,0,0.95,19,0.15,3,0.9,18,0.1,2,0.85,17,1.0,20,0.0,0,0.15,3,0.95,19.0
garnawkinsuth,neutral,20,77.05,5.586402665118413,77.5,68,86,455.2,30.639843341636066,461.0,402,508,5.9,1.3337718577107003,6.0,3,7,2.8,0.41039134083406165,3.0,2,3,16.0,0.0,16.0,16,16,115.25,7.839676416523165,117.5,102,133,3.50625,0.21577885243437261,3.539,3.132,3.754,2.7,0.8013147091860318,2.5,2,4,0.15,0.36634754853252327,0.0,0,1,0.85,0.3663475485325232,1.0,0,1,1.0,0.0,1.0,1,1,2.0,0.5619514869490164,2.0,1,3,1.1,0.3077935056255463,1.0,1,2,1.0,20,1.0,20,1.0,20,0.0,0,0.55,11,0.05,1,1.0,20,0.0,0,0.0,0,0.05,1,1.0,20,0.0,0,0.0,0,1.0,20,0.0,0,,
garnawkinsuth,real_animal,20,94.85,9.615092303249096,97.5,73,108,553.65,55.48093555921991,567.5,426,640,5.3,1.1742858972247998,5.5,3,7,1.05,1.4680814547887788,0.0,0,3,22.0,0.0,22.0,22,22,129.9,13.856026619641387,130.0,100,151,3.8954500000000003,0.4521065867574522,4.034,3.117,4.729,4.45,1.5719582155957414,4.0,1,7,2.8,0.9514531821875087,3.0,1,4,1.1,0.3077935056255462,1.0,1,2,0.0,0.0,0.0,0,0,3.9,0.9119095061289915,4.0,2,5,0.1,0.3077935056255462,0.0,0,1,1.0,20,1.0,20,0.75,15,0.35,7,0.25,5,0.05,1,1.0,20,0.05,1,0.0,0,0.0,0,0.0,0,0.0,0,0.0,0,0.75,15,0.0,0,0.9,18.0
garnawkinsuth,real_idea,20,91.65,11.631513455400285,91.5,70,117,560.3,70.36154751297794,559.5,448,729,4.4,0.9403246919632546,4.0,3,6,1.8,1.1516578439248717,2.0,0,3,22.0,0.0,22.0,22,22,135.9,18.719255495766635,133.5,105,171,4.2029499999999995,0.5807473837084508,4.0325,3.38,5.565,2.5,0.9459053029269173,2.0,1,5,0.0,0.0,0.0,0,0,1.3,0.6569466853317861,1.0,0,3,1.15,1.1821033884786183,1.0,0,3,2.45,1.6050905860647506,1.5,1,5,0.65,0.5871429486123998,1.0,0,2,1.0,20,1.0,20,0.9,18,0.6,12,0.05,1,0.05,1,0.8,16,0.0,0,0.0,0,0.05,1,0.55,11,0.0,0,0.0,0,0.7,14,0.0,0,0.25,5.0
garnawkinsuth,real_object,20,88.6,8.274246666297593,87.5,80,115,528.65,43.501088915590444,522.0,473,660,5.2,1.105012502906165,5.0,4,8,1.9,1.4473205733717953,3.0,0,3,22.0,0.0,22.0,22,22,126.65,11.412251034927797,125.5,113,162,3.54235,0.25168741578227144,3.518,2.941,4.079,3.1,1.2523661815266247,3.0,1,6,0.0,0.0,0.0,0,0,2.2,0.8335087534664907,2.0,0,4,0.1,0.3077935056255462,0.0,0,1,2.3,0.9233805168766387,2.0,0,4,0.35,0.4893604849295929,0.0,0,1,1.0,20,1.0,20,0.65,13,0.25,5,0.0,0,0.1,2,1.0,20,0.0,0,0.0,0,0.05,1,0.2,4,0.0,0,0.0,0,0.65,13,0.0,0,0.95,19.0
garnawkinsuth,type_of_animal,20,126.15,12.001206079741364,126.0,104,145,764.1,75.95836809865338,788.5,618,880,4.6,1.3138933706635727,4.5,3,9,3.85,1.3088765773505315,3.0,3,6,23.0,0.0,23.0,23,23,182.8,19.742020373331922,187.0,141,212,5.15325,0.8668756892001965,5.134499999999999,3.625,7.587,4.7,1.1285761872936695,5.0,3,7,4.45,1.2763022245616642,5.0,2,6,0.3,0.4701623459816272,0.0,0,1,0.0,0.0,0.0,0,0,4.75,1.4095538674570611,5.0,3,7,0.65,0.5871429486123998,1.0,0,2,1.0,20,1.0,20,1.0,20,0.2,4,1.0,20,0.45,9,0.7,14,0.05,1,0.0,0,0.1,2,0.05,1,0.35,7,0.4,8,0.4,8,0.4,8,1.0,20.0
garnawkinsuth,type_of_idea,20,143.65,15.587697578201652,141.0,120,181,849.75,87.17609220785006,835.5,721,1057,5.25,2.2213082915965963,4.5,3,11,4.05,1.4680814547887788,3.0,3,6,23.0,0.0,23.0,23,23,204.85,22.5114590702976,201.0,173,261,5.7531,0.89380363438627,5.6805,4.735,8.981,4.0,2.0261449005179113,4.0,1,7,0.0,0.0,0.0,0,0,0.0,0.0,0.0,0,0,2.0,0.8583950752789521,2.0,1,4,2.0,0.8583950752789521,2.0,1,4,1.75,0.6386663736585051,2.0,1,3,1.0,20,1.0,20,1.0,20,0.0,0,0.95,19,0.1,2,0.9,18,0.05,1,0.0,0,0.6,12,1.0,20,0.0,0,0.65,13,0.3,6,0.65,13,1.0,20.0
garnawkinsuth,type_of_object,20,128.75,19.13903423840784,127.5,91,172,761.3,108.01515488212998,746.5,558,1031,4.9,1.774082416646034,4.5,3,8,3.9,1.410487037944882,3.0,3,6,23.0,0.0,23.0,23,23,188.95,26.97459818733953,187.0,133,246,5.12095,0.670551891708378,5.1815,3.567,6.15,4.4,1.2732056517228265,4.0,2,7,0.0,0.0,0.0,0,0,0.45,0.6863327411532597,0.0,0,2,0.3,0.47016234598162726,0.0,0,1,0.75,0.9104654680003259,0.5,0,3,0.6,0.6805570473787206,0.5,0,2,1.0,20,1.0,20,0.95,19,0.2,4,0.95,19,0.2,4,0.8,16,0.0,0,0.0,0,0.1,2,0.3,6,0.0,0,0.1,2,0.65,13,0.1,2,0.25,5.0
halthibinny,imaginary_animal,20,208.25,9.727200062331999,209.5,186,225,1347.0,53.841873745450684,1342.5,1217,1430,9.9,1.5861240410775603,11.0,6,11,0.85,1.755442664221313,0.0,0,5,23.0,0.0,23.0,23,23,323.3,7.2409653325622525,323.0,310,335,8.32905,0.3624628438307778,8.312000000000001,7.494,8.891,0.35,0.812727700887249,0.0,0,3,7.75,1.8317377426626165,7.5,4,11,1.4,0.6805570473787205,1.0,1,3,0.15,0.3663475485325232,0.0,0,1,9.3,2.0026298499197184,9.0,5,13,3.1,0.7880689256524124,3.0,2,5,1.0,20,0.2,4,0.0,0,0.0,0,0.0,0,0.5,10,0.0,0,1.0,20,1.0,20,0.15,3,0.45,9,0.95,19,1.0,20,0.0,0,0.0,0,1.0,20.0
halthibinny,imaginary_idea,20,196.1,9.32963585908678,196.0,178,211,1286.5,57.62446483368352,1285.5,1180,1386,9.3,1.7501879598308414,9.0,6,13,1.25,1.7733405882980469,0.0,0,4,23.0,0.0,23.0,23,23,315.8,8.763560920082666,316.5,302,337,8.39525,0.787671710602971,8.107,7.56,10.78,0.35,0.9333020044867296,0.0,0,4,5.15,1.6630662866176473,5.0,1,8,1.45,0.6048053188292994,1.5,0,2,1.1,0.6407232755171874,1.0,0,2,7.7,2.1788456625132104,8.0,3,12,3.35,0.812727700887249,3.0,2,5,1.0,20,0.2,4,0.0,0,0.0,0,1.0,20,0.5,10,0.0,0,1.0,20,1.0,20,0.05,1,0.8,16,0.9,18,1.0,20,0.0,0,0.0,0,0.0,0.0
halthibinny,imaginary_object,20,199.15,38.59680243096229,211.5,104,230,1189.15,226.11787214915847,1262.5,658,1372,8.95,2.704285098641939,10.0,2,11,0.6,1.231174022502185,0.0,0,3,23.0,0.0,23.0,23,23,283.85,52.991831545308145,302.5,156,333,7.58095,1.2985315380317715,7.987,4.196,8.808,1.6,1.231174022502185,2.0,0,4,0.95,1.190974832912761,0.5,0,4,7.0,3.1455900626281967,8.0,1,12,0.3,0.5712405705774795,0.0,0,2,8.25,3.492473109567579,9.0,1,12,1.9,0.9119095061289916,2.0,0,4,1.0,20,0.75,15,0.05,1,0.05,1,0.45,9,0.1,2,0.15,3,0.85,17,0.05,1,0.7,14,0.2,4,0.85,17,0.85,17,0.05,1,0.0,0,0.95,19.0
halthibinny,neutral,20,81.15,17.983252442788334,74.5,62,124,482.8,109.60964229578764,441.0,381,748,5.35,1.8994459025837258,5.5,2,8,3.2,0.9514531821875087,3.0,0,4,16.0,0.0,16.0,16,16,120.35,26.790169053119776,108.0,95,186,3.6933999999999996,0.6361931517360033,3.5060000000000002,3.046,5.298,2.55,1.3562719801759993,2.0,1,5,0.55,0.6863327411532597,0.0,0,2,0.8,0.8944271909999161,0.5,0,2,0.55,0.5104177855340405,1.0,0,1,1.9,1.8609561775433727,1.0,0,5,0.7,0.5712405705774793,1.0,0,2,1.0,20,1.0,20,0.95,19,0.0,0,0.6,12,0.0,0,1.0,20,0.0,0,0.0,0,0.15,3,0.55,11,0.0,0,0.0,0,0.95,19,0.0,0,,
halthibinny,real_animal,20,88.45,9.450563892950344,86.5,73,106,533.95,60.62522924536148,531.0,408,625,5.0,1.3377121081198773,4.5,4,8,2.25,1.332784974957958,3.0,0,3,22.0,0.0,22.0,22,22,126.55,14.181065953550435,127.0,105,150,3.84335,0.5329895106107181,3.7435,2.949,5.011,4.4,1.3917047478769187,4.0,2,7,3.15,0.8127277008872491,3.0,2,4,1.0,0.0,1.0,1,1,0.0,0.0,0.0,0,0,4.15,0.8127277008872489,4.0,3,5,0.25,0.4442616583193193,0.0,0,1,1.0,20,1.0,20,0.95,19,0.05,1,0.05,1,0.2,4,1.0,20,0.0,0,0.0,0,0.05,1,0.0,0,0.0,0,0.0,0,0.95,19,0.0,0,1.0,20.0
halthibinny,real_idea,20,95.65,11.802207643621507,94.5,69,115,582.25,77.83239414888486,583.0,423,755,5.25,1.6819474927657676,5.0,3,8,3.8,2.2384204957490614,3.0,0,8,22.0,0.0,22.0,22,22,142.55,20.63077670298482,144.0,97,188,4.331,0.8131260664866181,4.221,3.478,7.338,3.4,1.0462967275611936,3.0,2,6,0.55,0.6048053188292994,0.5,0,2,1.45,0.6048053188292994,1.0,1,3,1.15,1.1821033884786185,1.0,0,3,3.15,2.277463963548745,3.0,1,8,1.05,0.6863327411532597,1.0,0,3,1.0,20,1.0,20,1.0,20,0.25,5,0.0,0,0.4,8,1.0,20,0.0,0,0.0,0,0.1,2,0.55,11,0.15,3,0.15,3,0.85,17,0.15,3,0.2,4.0
halthibinny,real_object,20,90.2,11.596732752215852,87.5,75,118,535.45,75.03225622146925,509.0,452,728,4.1,0.6407232755171874,4.0,3,5,2.65,1.1821033884786183,3.0,0,4,22.0,0.0,22.0,22,22,129.25,17.152182613913972,128.5,105,169,3.47485,0.38516562056232106,3.515,2.9,4.149,4.1,1.0711528467275955,4.0,2,6,0.45,0.5104177855340404,0.0,0,1,2.0,0.45883146774112354,2.0,1,3,0.5,0.512989176042577,0.5,0,1,2.95,1.234376040972246,3.0,1,5,0.85,0.8127277008872491,1.0,0,3,1.0,20,1.0,20,0.85,17,0.15,3,0.0,0,0.25,5,1.0,20,0.0,0,0.0,0,0.1,2,0.5,10,0.0,0,0.0,0,0.85,17,0.0,0,1.0,20.0
halthibinny,type_of_animal,20,132.15,16.29425148875969,126.0,111,169,778.05,97.09760417663303,730.0,669,981,4.55,0.7591546545162484,5.0,3,5,3.65,0.7451598203705945,4.0,3,6,23.0,0.0,23.0,23,23,188.9,24.163696127172177,180.5,156,238,4.8713500000000005,0.62165113545342,4.5920000000000005,4.06,6.167,5.15,1.1821033884786185,5.5,2,7,4.3,1.218281792655455,4.5,2,7,0.9,0.3077935056255462,1.0,0,1,0.0,0.0,0.0,0,0,5.2,1.399247918291146,5.5,2,8,0.85,0.8750939799154206,1.0,0,3,1.0,20,1.0,20,1.0,20,0.55,11,1.0,20,0.5,10,1.0,20,0.05,1,0.05,1,0.25,5,0.0,0,0.5,10,0.55,11,0.45,9,0.55,11,1.0,20.0
halthibinny,type_of_idea,20,140.1,13.779847986328285,139.0,120,173,846.1,76.42877661415785,828.5,740,1054,4.7,1.5927467172350904,5.0,2,8,4.1,1.4473205733717958,3.0,3,6,23.0,0.0,23.0,23,23,207.0,18.890264827766643,204.5,175,257,5.8417,0.597588760198675,5.8759999999999994,4.823,7.307,4.55,1.2763022245616642,5.0,2,7,0.0,0.0,0.0,0,0,0.1,0.3077935056255462,0.0,0,1,3.3,1.7800059136507325,3.0,0,6,3.4,1.9029063643750175,3.0,0,7,1.35,0.5871429486123998,1.0,0,2,1.0,20,1.0,20,1.0,20,0.1,2,1.0,20,0.0,0,0.8,16,0.05,1,0.0,0,0.35,7,0.95,19,0.2,4,0.5,10,0.35,7,0.5,10,0.95,19.0
halthibinny,type_of_object,20,142.05,15.309010074909626,139.5,115,169,843.6,89.55645088287524,839.5,670,997,4.8,1.5761378513048248,5.0,3,10,4.1,1.3726654823065194,3.5,3,7,23.0,0.0,23.0,23,23,211.4,20.559029262358823,207.5,173,243,5.75905,0.6854139337118232,5.718999999999999,4.488,6.826,4.1,1.6189665319514628,4.0,1,6,0.3,0.4701623459816272,0.0,0,1,2.7,1.8381913307436342,2.5,0,6,0.45,0.5104177855340404,0.0,0,1,3.45,2.0641042405337657,3.5,0,6,1.5,1.0,2.0,0,3,1.0,20,1.0,20,1.0,20,0.4,8,1.0,20,0.4,8,0.9,18,0.0,0,0.0,0,0.5,10,0.6,12,0.2,4,0.6,12,0.4,8,0.6,12,0.8,16.0
kinachitalpo,imaginary_animal,20,186.1,36.34324667592823,202.0,117,221,1181.5,262.32833986196925,1307.5,699,1422,8.3,3.4043316060881215,9.0,2,13,2.6,3.6040912424924154,1.0,0,12,22.0,0.0,22.0,22,22,286.45,63.52328624006194,316.5,172,354,7.2241,1.4169791032147825,7.7669999999999995,4.425,8.72,0.95,1.145931016569864,1.0,0,4,7.15,3.6168465473902014,8.0,1,12,1.6,1.3138933706635725,2.0,0,5,0.15,0.4893604849295929,0.0,0,2,8.9,4.529435889123966,9.0,1,16,2.95,1.538112308540638,3.5,0,5,1.0,20,0.55,11,0.2,4,0.15,3,0.9,18,0.45,9,0.2,4,0.8,16,0.8,16,0.6,12,0.3,6,0.75,15,0.75,15,0.15,3,0.0,0,0.95,19.0
kinachitalpo,imaginary_idea,20,140.3,23.557544327387816,140.0,100,186,826.75,153.8789254063419,818.0,580,1173,5.6,2.392972166464475,5.0,2,10,3.1,1.4473205733717958,3.0,0,6,22.0,0.0,22.0,22,22,204.6,34.176630981756496,202.0,153,284,5.944599999999999,0.9080278456198644,5.845000000000001,4.562,7.667,3.25,1.5517392618742707,3.0,1,8,0.75,0.910465468000326,0.5,0,3,1.3,0.9233805168766386,1.0,0,4,2.7,1.4179302929937965,2.0,1,6,4.75,1.9159991209755154,5.0,2,8,1.85,0.9333020044867295,2.0,1,4,1.0,20,1.0,20,0.95,19,0.1,2,1.0,20,0.45,9,0.7,14,0.2,4,0.15,3,0.05,1,1.0,20,0.4,8,0.6,12,0.35,7,0.55,11,0.7,14.0
kinachitalpo,imaginary_object,20,125.4,27.434899019506634,125.0,82,200,728.1,161.11189312171572,736.0,485,1234,4.85,2.1830688201896455,4.5,2,10,2.45,0.7591546545162481,3.0,0,3,22.0,0.0,22.0,22,22,181.55,38.01450554168695,181.0,126,295,5.333,1.2530215270969693,5.1645,3.922,8.727,1.7,1.260743306232687,2.0,0,5,0.0,0.0,0.0,0,0,1.7,2.0026298499197184,1.0,1,10,0.4,0.5026246899500345,0.0,0,1,2.1,2.221900561515559,1.5,1,11,0.75,1.019545822516343,0.0,0,3,1.0,20,0.85,17,0.5,10,0.1,2,1.0,20,0.1,2,0.75,15,0.1,2,0.0,0,0.2,4,0.35,7,0.05,1,0.15,3,0.45,9,0.05,1,0.8,16.0
kinachitalpo,neutral,20,82.7,7.2118323826742845,85.0,68,95,502.3,46.21129959789397,508.5,422,581,5.5,1.4327007988227578,6.0,3,7,2.85,0.6708203932499369,3.0,2,4,15.0,0.0,15.0,15,15,122.95,10.226256196158676,123.0,104,141,4.05785,1.2313474978763372,3.745,3.253,9.141,3.25,0.6386663736585052,3.0,2,4,0.9,0.5525062514530825,1.0,0,2,1.35,0.7451598203705947,1.0,0,3,1.55,0.6048053188292994,2.0,0,2,3.8,1.2814465510343749,4.0,1,6,1.05,0.3940344628262062,1.0,0,2,1.0,20,1.0,20,1.0,20,0.0,0,0.5,10,0.0,0,1.0,20,0.0,0,0.0,0,0.1,2,0.95,19,0.05,1,0.05,1,0.95,19,0.05,1,,
kinachitalpo,real_animal,20,89.45,13.5276519921623,87.0,73,122,552.15,77.79343430555456,543.0,446,751,4.75,1.332784974957958,4.5,3,9,2.75,0.7863975156570492,3.0,0,4,21.0,0.0,21.0,21,21,131.55,17.0956288657595,129.0,109,169,3.49425,0.35285793697210577,3.423,3.039,4.269,4.0,1.1239029738980326,4.0,2,6,3.1,0.6407232755171874,3.0,2,5,0.9,0.4472135954999579,1.0,0,2,0.0,0.0,0.0,0,0,4.0,0.7947194142390263,4.0,3,7,0.5,0.606976978666884,0.0,0,2,1.0,20,1.0,20,0.5,10,0.2,4,0.05,1,0.3,6,0.9,18,0.05,1,0.15,3,0.0,0,0.0,0,0.05,1,0.05,1,0.35,7,0.05,1,1.0,20.0
kinachitalpo,real_idea,20,98.0,12.324558281825162,96.5,75,125,597.45,79.98254743840583,577.0,452,771,5.75,1.831737742662616,5.0,3,9,3.55,1.4317821063276355,3.0,2,7,21.0,0.0,21.0,21,21,143.55,19.019311515570582,137.5,113,182,4.19055,0.4463778756779248,4.162,3.356,5.003,3.0,1.2977713690461004,3.0,1,6,0.4,0.5026246899500345,0.0,0,1,1.2,0.41039134083406165,1.0,1,2,1.1,1.2937094768634556,0.0,0,3,2.7,2.02874085917453,1.0,1,6,0.8,0.6958523739384594,1.0,0,2,1.0,20,1.0,20,0.85,17,0.3,6,0.05,1,0.2,4,1.0,20,0.0,0,0.0,0,0.0,0,0.6,12,0.1,2,0.1,2,0.75,15,0.1,2,0.35,7.0
kinachitalpo,real_object,20,86.75,11.62517685207865,88.0,64,106,537.3,72.28387022522273,538.0,407,654,3.5,0.760885910252682,3.0,3,5,3.45,0.9445132413883326,3.0,3,6,21.0,0.0,21.0,21,21,129.05,15.899271747638728,133.0,101,156,3.6079999999999997,0.38733787780043827,3.707,3.037,4.153,3.05,0.8870412083230169,3.0,2,5,0.3,0.4701623459816272,0.0,0,1,2.1,0.8522416262267904,2.0,1,4,0.0,0.0,0.0,0,0,2.4,1.1424811411549587,2.0,1,5,0.45,0.5104177855340404,0.0,0,1,1.0,20,1.0,20,0.5,10,0.25,5,0.15,3,0.15,3,1.0,20,0.0,0,0.0,0,0.25,5,0.05,1,0.0,0,0.0,0,0.5,10,0.0,0,1.0,20.0
kinachitalpo,type_of_animal,20,107.9,13.544857248961202,106.5,88,138,641.8,75.6380578113537,630.0,518,801,4.95,2.0384462607326044,4.0,3,10,4.05,1.234376040972246,4.0,3,7,22.0,0.0,22.0,22,22,153.05,16.474781365852216,153.0,125,187,4.19235,0.42583407628595904,4.2145,3.439,4.984,6.15,1.3484884325167863,7.0,3,8,4.0,1.1239029738980326,4.0,2,7,0.85,0.36634754853252327,1.0,0,1,0.05,0.22360679774997896,0.0,0,1,4.9,1.1652874052533586,5.0,3,8,0.5,0.6882472016116853,0.0,0,2,1.0,20,1.0,20,0.75,15,0.2,4,1.0,20,0.15,3,1.0,20,0.0,0,0.0,0,0.3,6,0.05,1,0.2,4,0.2,4,0.65,13,0.1,2,1.0,20.0
kinachitalpo,type_of_idea,20,123.45,9.577797791053836,121.5,106,141,724.65,70.07835839822073,713.5,606,843,4.15,1.0399898784932577,4.0,2,7,3.8,0.6958523739384594,4.0,3,6,22.0,0.0,22.0,22,22,176.45,16.311039206623224,175.5,151,203,4.66095,0.4559881663977002,4.603999999999999,3.762,5.413,6.0,1.025978352085154,6.0,4,7,0.0,0.0,0.0,0,0,0.05,0.22360679774997896,0.0,0,1,1.5,1.7013926184468016,1.0,0,4,1.55,1.7614288458371994,1.0,0,4,1.0,0.7254762501100116,1.0,0,3,1.0,20,1.0,20,1.0,20,0.35,7,1.0,20,0.15,3,0.8,16,0.0,0,0.0,0,0.3,6,0.55,11,0.0,0,0.15,3,0.7,14,0.15,3,0.55,11.0
kinachitalpo,type_of_object,20,96.7,13.15534712178804,100.0,77,121,578.45,91.88692994510613,600.5,439,719,4.2,1.6415653633362466,4.0,2,9,4.4,1.7591864148251213,3.5,2,7,22.0,0.0,22.0,22,22,140.25,21.439940593004888,141.5,109,172,3.4706,0.42290977014513453,3.479,2.709,4.23,3.5,1.0513149660756935,3.0,2,6,0.0,0.0,0.0,0,0,1.45,0.6048053188292994,1.0,1,3,0.1,0.3077935056255462,0.0,0,1,1.55,0.6863327411532596,1.0,1,3,0.45,0.7591546545162482,0.0,0,2,1.0,20,1.0,20,0.35,7,0.25,5,0.95,19,0.0,0,1.0,20,0.0,0,0.0,0,0.3,6,0.15,3,0.0,0,0.0,0,0.35,7,0.0,0,0.95,19.0
manteoshipuft,imaginary_animal,20,208.2,7.626822474178322,204.5,197,224,1351.9,42.08375108356143,1348.0,1275,1426,10.5,1.3178930553209385,10.5,7,13,0.75,1.332784974957958,0.0,0,3,23.0,0.0,23.0,23,23,328.15,10.55449517604004,327.5,311,353,8.61155,0.32352360606949615,8.536000000000001,7.994,9.591,0.3,0.5712405705774795,0.0,0,2,8.2,1.9628121608924705,8.5,3,12,1.55,0.8255779474818964,2.0,0,3,0.15,0.36634754853252327,0.0,0,1,9.9,2.4039441275580957,10.0,3,14,2.7,0.7326950970650465,3.0,2,4,1.0,20,0.25,5,0.0,0,0.0,0,0.55,11,0.3,6,0.0,0,1.0,20,1.0,20,0.2,4,0.2,4,0.95,19,1.0,20,0.0,0,0.0,0,1.0,20.0
manteoshipuft,imaginary_idea,20,155.55,30.68082720356048,149.0,100,198,963.95,235.015895319086,879.0,567,1278,5.4,2.112618729145617,5.0,2,10,3.85,1.8994459025837258,3.0,2,11,23.0,0.0,23.0,23,23,236.85,55.722314343443,228.0,149,317,6.770999999999999,1.313256178159343,6.324,4.398,8.663,2.5,1.7013926184468013,3.0,0,6,0.15,0.48936048492959283,0.0,0,2,0.75,0.9104654680003259,1.0,0,3,2.35,1.2258187382102497,2.5,0,5,3.25,1.773340588298047,3.0,0,8,1.95,1.0500626547722611,2.0,1,5,1.0,20,0.85,17,0.6,12,0.1,2,1.0,20,0.25,5,0.45,9,0.3,6,0.1,2,0.35,7,0.95,19,0.1,2,0.65,13,0.3,6,0.3,6,0.75,15.0
manteoshipuft,imaginary_object,20,216.1,12.281350860038504,215.0,179,237,1301.3,78.21434785591653,1304.0,1042,1404,11.0,1.654340383737022,11.0,8,14,0.0,0.0,0.0,0,0,23.0,0.0,23.0,23,23,306.55,17.172422812846122,310.0,254,339,8.32235,0.31024443249595457,8.358,7.601,8.751,1.65,1.0399898784932577,2.0,0,3,0.4,0.5026246899500346,0.0,0,1,7.85,1.9269556026896006,8.5,3,10,0.1,0.3077935056255462,0.0,0,1,8.35,2.1343062474478063,8.5,4,12,2.1,0.44721359549995804,2.0,1,3,1.0,20,0.8,16,0.05,1,0.0,0,1.0,20,0.1,2,0.0,0,1.0,20,0.0,0,0.95,19,0.05,1,0.9,18,0.95,19,0.0,0,0.0,0,1.0,20.0
manteoshipuft,neutral,20,79.15,5.584518072785078,79.5,69,91,476.9,34.38466610508083,485.5,420,535,5.0,1.7471781760734562,4.0,3,7,3.25,0.5501196042201808,3.0,2,4,16.0,0.0,16.0,16,16,120.9,7.919994683677112,119.0,110,135,3.9395000000000002,0.5461503070535958,3.8369999999999997,3.073,5.277,3.55,0.6048053188292994,3.5,3,5,0.0,0.0,0.0,0,0,1.1,0.3077935056255462,1.0,1,2,1.25,0.4442616583193192,1.0,1,2,2.35,0.6708203932499367,2.0,2,4,1.05,0.22360679774997896,1.0,1,2,1.0,20,1.0,20,1.0,20,0.0,0,0.7,14,0.05,1,0.9,18,0.0,0,0.0,0,0.0,0,1.0,20,0.0,0,0.0,0,0.9,18,0.0,0,,
manteoshipuft,real_animal,20,87.3,8.54769898245936,88.5,68,101,524.25,47.36073768095479,534.0,421,600,4.95,1.2763022245616642,5.0,3,7,1.8,1.5078740698501039,3.0,0,3,22.0,0.0,22.0,22,22,124.4,13.90342631001059,127.0,97,149,3.7005000000000003,0.5740309454339456,3.5425,3.109,5.689,4.2,1.399247918291146,4.5,2,6,2.6,0.7539370349250519,3.0,1,4,1.0,0.0,1.0,1,1,0.0,0.0,0.0,0,0,3.6,0.7539370349250519,4.0,2,5,0.25,0.5501196042201809,0.0,0,2,1.0,20,1.0,20,0.9,18,0.25,5,0.2,4,0.2,4,0.95,19,0.05,1,0.0,0,0.0,0,0.0,0,0.0,0,0.0,0,0.9,18,0.0,0,0.95,19.0
manteoshipuft,real_idea,20,89.25,12.27266967911349,91.0,63,105,549.4,71.63827262897367,562.5,396,647,4.1,0.7181848464596079,4.0,3,6,1.65,1.4608937423083819,2.0,0,4,22.0,0.0,22.0,22,22,129.55,17.28545174721399,132.5,91,153,4.3292,0.6290228512291274,4.286,3.29,5.585,4.0,0.3244428422615251,4.0,3,5,0.0,0.0,0.0,0,0,1.0,0.3244428422615251,1.0,0,2,2.15,0.6708203932499369,2.0,0,3,3.15,0.8750939799154206,3.0,0,4,1.0,0.3244428422615251,1.0,0,2,1.0,20,1.0,20,1.0,20,0.05,1,0.0,0,0.05,1,1.0,20,0.0,0,0.0,0,0.0,0,0.95,19,0.0,0,0.0,0,1.0,20,0.0,0,0.9,18.0
manteoshipuft,real_object,20,87.35,12.823805987303459,86.0,65,118,551.2,84.12559532908925,546.0,420,770,3.6,0.5026246899500345,4.0,3,4,3.0,0.0,3.0,3,3,22.0,0.0,22.0,22,22,130.85,18.356914658772965,130.0,102,182,3.6656500000000003,0.37523428120238933,3.6654999999999998,3.071,4.376,3.1,1.58612404107756,3.0,2,8,0.0,0.0,0.0,0,0,1.45,0.6048053188292994,1.0,1,3,0.15,0.36634754853252327,0.0,0,1,1.6,0.8825799501580875,1.0,1,4,0.3,0.47016234598162726,0.0,0,1,1.0,20,1.0,20,0.6,12,0.3,6,0.1,2,0.1,2,1.0,20,0.0,0,0.0,0,0.05,1,0.15,3,0.0,0,0.0,0,0.6,12,0.0,0,1.0,20.0
manteoshipuft,type_of_animal,20,97.3,7.363494593708814,97.0,85,111,586.05,45.173903738191235,599.5,506,682,3.9,0.44721359549995804,4.0,3,5,3.1,0.3077935056255462,3.0,3,4,23.0,0.0,23.0,23,23,143.15,9.404786015641188,143.5,128,157,3.99985,0.36991240428256156,3.9505,3.353,4.783,5.55,0.9445132413883326,6.0,4,7,3.55,1.1459310165698646,3.0,2,6,1.0,0.0,1.0,1,1,0.1,0.3077935056255462,0.0,0,1,4.65,1.136708081768532,5.0,3,7,0.15,0.4893604849295929,0.0,0,2,1.0,20,1.0,20,1.0,20,0.05,1,1.0,20,0.05,1,1.0,20,0.0,0,0.0,0,0.0,0,0.1,2,0.15,3,0.15,3,0.85,17,0.15,3,1.0,20.0
manteoshipuft,type_of_idea,20,128.65,14.342703995228268,131.0,95,159,772.05,75.05259559311163,791.0,588,888,5.3,1.8381913307436342,5.0,2,9,3.65,1.2258187382102497,3.0,3,6,23.0,0.0,23.0,23,23,191.6,21.142125571574173,192.5,143,229,5.33795,0.7077006113203225,5.4375,3.84,6.353,4.0,1.025978352085154,4.0,2,6,0.0,0.0,0.0,0,0,0.0,0.0,0.0,0,0,4.55,1.09904264559757,5.0,1,6,4.55,1.09904264559757,5.0,1,6,1.6,0.5982430416161189,2.0,1,3,1.0,20,1.0,20,1.0,20,0.2,4,1.0,20,0.0,0,0.8,16,0.5,10,0.0,0,0.1,2,1.0,20,0.1,2,0.4,8,0.5,10,0.4,8,1.0,20.0
manteoshipuft,type_of_object,20,100.8,14.584057626123986,98.5,80,142,613.7,88.66441759448047,602.0,473,842,5.3,1.4545753585442767,5.0,3,8,4.2,1.5078740698501043,3.5,3,7,23.0,0.0,23.0,23,23,152.7,22.636951626651683,148.0,118,212,4.337,0.751454309287909,4.0535,3.444,5.868,4.1,1.2523661815266247,4.0,2,6,0.0,0.0,0.0,0,0,1.85,0.5871429486123998,2.0,1,3,0.25,0.4442616583193192,0.0,0,1,2.1,0.8522416262267903,2.0,1,4,0.55,0.6863327411532597,0.0,0,2,1.0,20,1.0,20,0.95,19,0.05,1,0.95,19,0.0,0,0.9,18,0.0,0,0.0,0,0.3,6,0.25,5,0.0,0,0.0,0,0.85,17,0.0,0,0.95,19.0
purtaneolotomous,imaginary_animal,20,205.5,11.70020242739865,205.5,184,229,1361.2,66.77503472973935,1354.0,1252,1539,9.0,1.8918106058538344,9.0,4,12,1.9,2.221900561515559,1.5,0,8,25.0,0.0,25.0,25,25,330.15,15.211750997865199,327.5,307,364,8.65085,0.3614180077359031,8.675,7.957,9.253,0.35,0.4893604849295929,0.0,0,1,7.65,1.6944180805158293,8.0,4,11,1.55,0.6863327411532597,1.0,1,3,0.05,0.22360679774997896,0.0,0,1,9.25,1.5852942612451615,9.0,6,12,3.05,0.7591546545162482,3.0,2,4,1.0,20,0.35,7,0.0,0,0.0,0,0.95,19,0.5,10,0.0,0,1.0,20,1.0,20,0.5,10,0.05,1,1.0,20,1.0,20,0.0,0,0.0,0,1.0,20.0
purtaneolotomous,imaginary_idea,20,158.15,25.98840834720458,155.0,118,215,986.1,195.2132167656688,938.0,693,1464,3.9,0.9679060415469871,4.0,2,5,4.05,1.7312909694943341,3.0,3,8,25.0,0.0,25.0,25,25,238.95,47.275758782076174,223.5,172,348,6.79565,1.156749678375167,6.5445,4.948,9.393,4.15,1.954078056944394,4.0,1,9,0.1,0.3077935056255462,0.0,0,1,0.45,0.6048053188292994,0.0,0,2,2.55,1.145931016569864,3.0,1,4,3.1,1.3337718577107003,3.0,1,5,2.0,0.9176629354822471,2.0,1,4,1.0,20,1.0,20,0.8,16,0.0,0,1.0,20,0.5,10,0.75,15,0.15,3,0.0,0,0.35,7,1.0,20,0.0,0,0.65,13,0.25,5,0.5,10,0.9,18.0
purtaneolotomous,imaginary_object,20,196.0,39.52214569073901,211.0,102,238,1233.15,252.12450453986756,1339.0,663,1445,7.95,2.910507280798134,8.5,2,11,0.8,1.436369692919216,0.0,0,4,25.0,0.0,25.0,25,25,288.05,55.78103337345523,310.0,152,337,8.44825,1.5758487061697393,9.0345,5.103,10.376,2.7,1.4179302929937967,2.0,0,5,0.35,0.5871429486123998,0.0,0,2,6.0,3.111946420861997,6.5,0,10,0.3,0.8013147091860318,0.0,0,3,6.65,2.7961439613567074,7.5,0,11,2.5,0.9459053029269174,2.0,0,4,1.0,20,0.95,19,0.1,2,0.0,0,0.9,18,0.45,9,0.15,3,0.85,17,0.2,4,0.85,17,0.15,3,0.7,14,0.9,18,0.05,1,0.05,1,0.8,16.0
purtaneolotomous,neutral,20,84.2,8.31359064867186,84.5,64,100,517.05,55.10800400362144,519.0,374,614,4.25,0.7163503994113789,4.0,3,6,2.7,0.9233805168766386,3.0,0,3,18.0,0.0,18.0,18,18,130.9,13.821798192100688,132.5,93,153,3.6765999999999996,0.357295896834454,3.669,3.012,4.59,4.6,0.7539370349250517,5.0,3,5,0.0,0.0,0.0,0,0,0.9,0.3077935056255463,1.0,0,1,0.2,0.41039134083406165,0.0,0,1,1.1,0.5525062514530825,1.0,0,2,0.2,0.41039134083406165,0.0,0,1,1.0,20,1.0,20,1.0,20,0.0,0,0.85,17,0.0,0,1.0,20,0.0,0,0.0,0,0.0,0,0.2,4,0.0,0,0.0,0,1.0,20,0.0,0,,
purtaneolotomous,real_animal,20,91.7,9.4261673854726,94.0,69,110,556.45,58.476693512975984,565.5,440,695,5.55,0.9445132413883327,5.5,4,8,2.35,2.1588252165910684,3.0,0,6,24.0,0.0,24.0,24,24,134.05,17.070981842080187,132.5,97,168,3.8997,0.5233176654264294,3.926,2.926,4.848,4.15,1.3088765773505318,4.0,2,7,2.65,1.0894228312566054,3.0,1,6,1.0,0.0,1.0,1,1,0.0,0.0,0.0,0,0,3.65,1.0894228312566054,4.0,2,7,0.1,0.3077935056255462,0.0,0,1,1.0,20,1.0,20,0.95,19,0.2,4,0.3,6,0.1,2,0.9,18,0.0,0,0.0,0,0.0,0,0.0,0,0.05,1,0.05,1,0.85,17,0.05,1,0.9,18.0
purtaneolotomous,real_idea,20,100.05,6.73150487593501,100.0,88,110,623.2,48.339370463857996,621.5,539,706,5.25,0.7863975156570493,5.0,4,7,3.55,1.1459310165698642,3.0,2,6,24.0,0.0,24.0,24,24,149.3,11.863699609356798,149.0,131,168,4.4262500000000005,0.27260611164327025,4.356,4.104,5.096,3.25,0.966545666958261,3.0,1,5,0.0,0.0,0.0,0,0,1.0,0.0,1.0,1,1,0.4,0.5026246899500346,0.0,0,1,1.4,0.5026246899500345,1.0,1,2,0.7,0.7326950970650465,1.0,0,2,1.0,20,1.0,20,1.0,20,0.3,6,0.0,0,0.3,6,0.8,16,0.0,0,0.0,0,0.0,0,0.4,8,0.0,0,0.0,0,0.8,16,0.0,0,0.0,0.0
purtaneolotomous,real_object,20,85.1,12.8714289886759,87.0,58,108,520.15,81.50187275859307,531.0,318,673,4.6,0.6805570473787205,5.0,3,6,1.7,1.4545753585442767,2.5,0,3,24.0,0.0,24.0,24,24,123.85,19.937468033302203,131.0,83,157,3.6147,0.4342565455677336,3.6174999999999997,2.643,4.336,4.25,1.0195458225163427,4.0,3,6,0.0,0.0,0.0,0,0,1.45,0.5104177855340404,1.0,1,2,0.1,0.3077935056255462,0.0,0,1,1.55,0.6863327411532596,1.0,1,3,0.15,0.36634754853252327,0.0,0,1,1.0,20,1.0,20,0.95,19,0.05,1,0.15,3,0.05,1,1.0,20,0.0,0,0.0,0,0.0,0,0.1,2,0.0,0,0.0,0,0.95,19,0.0,0,1.0,20.0
purtaneolotomous,type_of_animal,20,102.9,12.855062488333044,101.5,86,135,617.45,67.1780626786986,616.0,522,781,5.05,1.3945382182304162,5.0,3,10,3.3,0.9233805168766387,3.0,3,6,25.0,0.0,25.0,25,25,149.15,17.41226125766734,147.0,128,200,4.0052,0.3574190523004733,3.9545000000000003,3.52,4.766,6.05,1.050062654772261,6.0,5,8,1.85,0.812727700887249,2.0,1,4,1.0,0.0,1.0,1,1,0.0,0.0,0.0,0,0,2.85,0.812727700887249,3.0,2,5,0.2,0.41039134083406165,0.0,0,1,1.0,20,1.0,20,1.0,20,0.05,1,0.95,19,0.15,3,1.0,20,0.0,0,0.0,0,0.05,1,0.0,0,0.0,0,0.0,0,1.0,20,0.0,0,0.65,13.0
purtaneolotomous,type_of_idea,20,101.45,18.983302912656804,100.0,59,138,614.6,111.04356660433115,617.5,348,823,4.85,0.7451598203705946,5.0,3,6,2.6,1.1424811411549587,3.0,0,4,25.0,0.0,25.0,25,25,149.6,26.919763821596323,148.0,84,204,4.5085,0.7174900329401245,4.3395,3.027,6.104,4.3,1.260743306232687,5.0,2,6,0.0,0.0,0.0,0,0,0.4,0.5026246899500346,0.0,0,1,2.25,1.0699237552766379,2.0,1,5,2.65,1.0399898784932577,3.0,1,5,1.3,0.4701623459816272,1.0,1,2,1.0,20,1.0,20,1.0,20,0.05,1,0.85,17,0.05,1,1.0,20,0.0,0,0.0,0,0.25,5,1.0,20,0.0,0,0.1,2,0.9,18,0.1,2,0.95,19.0
purtaneolotomous,type_of_object,20,92.6,7.315448685739259,93.0,79,105,571.6,38.53556115699122,569.5,500,651,4.3,0.6569466853317862,4.0,3,5,3.1,0.3077935056255463,3.0,3,4,25.0,0.0,25.0,25,25,138.9,8.521798673494867,138.5,124,154,3.7665999999999995,0.2731846108018301,3.83,3.411,4.303,3.95,1.2763022245616644,3.0,2,6,0.0,0.0,0.0,0,0,1.2,0.41039134083406165,1.0,1,2,0.4,0.5026246899500346,0.0,0,1,1.6,0.7539370349250519,1.0,1,3,0.85,0.5871429486123998,1.0,0,2,1.0,20,1.0,20,1.0,20,0.0,0,1.0,20,0.1,2,1.0,20,0.0,0,0.0,0,0.35,7,0.4,8,0.0,0,0.0,0,1.0,20,0.0,0,0.75,15.0
wertychiops,imaginary_animal,20,212.95,29.324814353071456,216.0,135,252,1359.05,208.99117961745358,1374.0,805,1650,10.4,3.0847673289381508,11.0,2,14,1.4,2.0104987598001385,0.0,0,5,22.0,0.0,22.0,22,22,340.3,52.31292483949983,347.0,195,400,8.64385,1.241061272290352,8.7735,5.178,10.44,0.25,0.6386663736585051,0.0,0,2,8.4,2.945111918166492,9.0,1,13,1.2,0.8335087534664907,1.0,0,3,0.1,0.3077935056255462,0.0,0,1,9.7,3.0796445454493266,10.0,1,15,3.05,0.998683343734455,3.0,0,4,1.0,20,0.15,3,0.05,1,0.0,0,0.85,17,0.75,15,0.1,2,0.95,19,0.95,19,0.35,7,0.05,1,0.9,18,0.95,19,0.0,0,0.05,1,1.0,20.0
wertychiops,imaginary_idea,20,184.4,15.14282877001172,187.0,146,214,1242.4,130.7502239104453,1277.0,858,1426,6.25,3.1267100584278174,7.0,1,12,4.55,3.6342667399135835,4.0,0,14,22.0,0.0,22.0,22,22,300.7,29.661422757514522,306.0,216,339,8.19945,1.1586556400006272,8.0635,6.075,11.09,0.65,1.3088765773505318,0.0,0,5,5.25,1.9701723141310306,5.5,2,9,1.35,0.9333020044867295,1.0,0,3,0.5,0.6882472016116853,0.0,0,2,7.1,2.221900561515559,7.5,2,10,2.75,0.9104654680003259,3.0,1,5,1.0,20,0.3,6,0.05,1,0.0,0,1.0,20,0.3,6,0.1,2,0.9,18,0.95,19,0.2,4,0.4,8,0.8,16,0.95,19,0.0,0,0.05,1,0.0,0.0
wertychiops,imaginary_object,20,150.7,41.22224744249791,131.0,108,221,913.4,271.44533228820245,791.5,637,1343,5.45,2.781044862334261,4.5,2,12,2.0,1.3764944032233708,3.0,0,3,22.0,0.0,22.0,22,22,217.35,57.18784835959472,187.5,162,314,6.1715,1.6059444671528798,5.6165,4.235,9.044,1.65,1.0894228312566052,2.0,0,4,0.65,0.812727700887249,0.0,0,2,3.7,3.5703457004963304,2.0,1,10,0.45,0.5104177855340404,0.0,0,1,4.8,3.750087718272313,3.5,1,13,1.5,0.827170191868511,1.5,0,3,1.0,20,0.85,17,0.3,6,0.2,4,0.95,19,0.05,1,0.55,11,0.45,9,0.0,0,0.45,9,0.55,11,0.3,6,0.55,11,0.15,3,0.1,2,0.65,13.0
wertychiops,neutral,20,78.45,8.97643112765166,75.0,68,102,482.8,59.63008777807602,460.0,412,627,4.85,1.6944180805158289,4.0,3,7,3.1,0.9119095061289915,3.0,0,4,15.0,0.0,15.0,15,15,119.2,15.199030439991539,115.0,104,156,3.74215,0.5621899168711396,3.5465,3.087,5.725,3.25,1.332784974957958,3.0,2,6,2.05,0.3940344628262062,2.0,1,3,1.0,0.0,1.0,1,1,0.65,0.4893604849295929,1.0,0,1,3.7,0.4701623459816272,4.0,3,4,0.65,0.4893604849295929,1.0,0,1,1.0,20,1.0,20,1.0,20,0.0,0,0.85,17,0.0,0,1.0,20,0.0,0,0.0,0,0.0,0,0.65,13,0.0,0,0.0,0,1.0,20,0.0,0,,
wertychiops,real_animal,20,97.1,11.643385291771102,98.5,72,116,586.6,68.07534525493752,602.5,442,702,6.8,1.6091841672756189,6.0,5,10,2.25,1.332784974957958,3.0,0,3,21.0,0.0,21.0,21,21,140.55,17.992615444295915,146.0,100,170,4.0051000000000005,0.5866138243745781,3.9905,3.164,5.956,4.8,1.105012502906165,5.0,3,7,3.45,1.5035046776746237,3.0,2,8,1.0,0.0,1.0,1,1,0.0,0.0,0.0,0,0,4.45,1.5035046776746235,4.0,3,9,0.2,0.5231483637805969,0.0,0,2,1.0,20,1.0,20,0.9,18,0.5,10,0.05,1,0.1,2,0.8,16,0.05,1,0.05,1,0.0,0,0.0,0,0.15,3,0.15,3,0.6,12,0.15,3,1.0,20.0
wertychiops,real_idea,20,109.25,13.741504552574332,102.5,95,148,654.3,81.89344810242918,610.0,573,890,5.2,1.4363696929192156,4.5,4,8,3.7,1.4179302929937965,3.0,2,7,21.0,0.0,21.0,21,21,159.05,19.397436075826864,151.5,139,210,4.73705,0.574217222330585,4.6505,3.783,5.88,3.05,0.7591546545162482,3.0,2,4,0.0,0.0,0.0,0,0,0.3,0.47016234598162726,0.0,0,1,0.55,0.6048053188292994,0.5,0,2,0.85,0.9880869341680844,0.5,0,3,0.6,0.5982430416161189,1.0,0,2,1.0,20,1.0,20,0.85,17,0.6,12,0.05,1,0.05,1,0.95,19,0.0,0,0.0,0,0.05,1,0.5,10,0.0,0,0.05,1,0.75,15,0.05,1,0.25,5.0
wertychiops,real_object,20,87.0,9.727876384256147,84.0,74,107,544.4,63.80265627204263,525.0,454,674,4.9,1.8035053587243282,4.0,3,9,3.15,0.8750939799154207,3.0,2,6,21.0,0.0,21.0,21,21,130.1,15.060928887268819,127.0,110,163,4.14735,0.7034928851620917,4.0295000000000005,3.43,6.551,3.1,1.1192102478745307,3.0,1,6,0.85,0.6708203932499369,1.0,0,2,2.45,1.145931016569864,2.5,1,5,0.1,0.30779350562554625,0.0,0,1,3.4,1.8467610337532774,4.0,1,8,0.65,0.8750939799154206,0.0,0,3,1.0,20,1.0,20,0.75,15,0.1,2,0.0,0,0.2,4,1.0,20,0.0,0,0.0,0,0.35,7,0.1,2,0.05,1,0.05,1,0.7,14,0.05,1,1.0,20.0
wertychiops,type_of_animal,20,133.45,17.157091521399664,134.5,104,161,805.8,111.09862853860031,799.5,618,989,4.2,1.1964860832322377,4.0,3,7,3.6,1.5694450913417908,3.0,0,6,22.0,0.0,22.0,22,22,194.75,25.18327556973184,197.5,155,238,5.3332,0.984879666707937,5.2835,4.133,8.698,4.3,1.7501879598308414,4.0,2,7,5.0,1.025978352085154,5.0,3,6,0.6,0.5026246899500346,1.0,0,1,0.0,0.0,0.0,0,0,5.6,1.2311740225021848,5.5,3,7,0.65,0.5871429486123998,1.0,0,2,1.0,20,1.0,20,1.0,20,0.25,5,1.0,20,0.6,12,0.9,18,0.0,0,0.0,0,0.05,1,0.0,0,0.5,10,0.5,10,0.5,10,0.5,10,1.0,20.0
wertychiops,type_of_idea,20,143.35,13.211936389412978,146.5,122,164,862.75,73.4931969640728,877.5,739,971,4.6,1.2732056517228265,4.0,3,8,3.85,1.3088765773505315,3.0,3,6,22.0,0.0,22.0,22,22,212.1,16.24451324374836,215.0,187,235,5.9664,0.4487596238522357,6.0085,5.241,6.699,4.8,1.2396943596157715,5.0,3,7,0.1,0.30779350562554625,0.0,0,1,0.0,0.0,0.0,0,0,3.95,1.394538218230416,4.0,2,6,4.05,1.3168942730211066,4.0,2,6,1.45,0.6048053188292993,1.0,1,3,1.0,20,1.0,20,1.0,20,0.3,6,1.0,20,0.05,1,0.9,18,0.25,5,0.0,0,0.15,3,1.0,20,0.15,3,0.5,10,0.45,9,0.5,10,1.0,20.0
wertychiops,type_of_object,20,98.15,11.467459682900452,100.0,78,114,601.25,63.41000668166202,627.0,491,683,4.0,0.7254762501100116,4.0,3,5,3.8,0.41039134083406165,4.0,3,4,22.0,0.0,22.0,22,22,148.75,16.376732531889648,149.0,118,171,4.035200000000001,0.2931016708817679,4.064,3.267,4.769,3.75,1.0699237552766379,3.5,2,6,0.9,0.3077935056255462,1.0,0,1,1.9,1.0208355710680808,2.0,0,3,0.9,0.3077935056255462,1.0,0,1,3.7,1.4903196407411892,4.0,0,5,1.5,0.6069769786668839,2.0,0,2,1.0,20,1.0,20,0.9,18,0.0,0,1.0,20,0.0,0,1.0,20,0.0,0,0.0,0,0.6,12,0.9,18,0.0,0,0.0,0,0.9,18,0.0,0,0.65,13.0
wresanthamulf,imaginary_animal,20,205.9,9.925512050956577,204.5,189,231,1339.15,72.09954741079937,1326.0,1228,1522,9.6,2.0104987598001385,10.0,2,12,0.7,1.949358868961793,0.0,0,8,23.0,0.0,23.0,23,23,324.45,15.357065920422773,323.0,305,375,8.5404,0.4598533404650248,8.5525,7.877,9.796,0.45,0.7591546545162482,0.0,0,3,8.05,2.114486375359025,7.5,5,13,1.6,1.0954451150103324,1.0,0,3,0.05,0.22360679774997896,0.0,0,1,9.7,2.129986409642831,9.5,7,14,3.3,0.6569466853317864,3.0,2,4,1.0,20,0.35,7,0.0,0,0.0,0,0.3,6,0.65,13,0.0,0,1.0,20,1.0,20,0.6,12,0.05,1,1.0,20,1.0,20,0.0,0,0.0,0,1.0,20.0
wresanthamulf,imaginary_idea,20,146.4,18.13516502616714,146.5,105,186,890.4,132.70997265505432,883.0,639,1271,5.5,2.2826577307580465,4.5,2,10,3.55,1.050062654772261,3.0,3,6,23.0,0.0,23.0,23,23,218.4,28.079586141799474,216.5,153,282,6.23005,0.7860186468258209,6.099,4.885,8.288,2.8,1.9358120830939742,2.5,0,7,0.7,0.7326950970650465,1.0,0,2,0.45,0.6048053188292994,0.0,0,2,2.1,0.9119095061289915,2.0,1,4,3.25,1.5852942612451615,3.0,1,7,1.85,0.8750939799154205,2.0,1,4,1.0,20,0.9,18,0.55,11,0.05,1,1.0,20,0.35,7,0.75,15,0.3,6,0.05,1,0.15,3,1.0,20,0.1,2,0.65,13,0.1,2,0.35,7,0.7,14.0
wresanthamulf,imaginary_object,20,214.3,9.142727912620526,214.0,196,229,1313.15,47.02773537750724,1302.5,1243,1402,10.8,1.4725559590832458,11.0,8,13,0.2,0.8944271909999157,0.0,0,4,23.0,0.0,23.0,23,23,308.95,10.865081684000355,307.5,286,332,8.200199999999999,0.28653255532863625,8.2525,7.584,8.756,2.1,1.1192102478745307,2.0,0,4,0.8,0.7677718959499146,1.0,0,3,8.35,1.9808291724745768,8.0,6,13,0.0,0.0,0.0,0,0,9.15,2.2070461326349635,9.0,6,14,2.25,0.7863975156570492,2.0,1,4,1.0,20,0.95,19,0.0,0,0.0,0,0.7,14,0.05,1,0.0,0,1.0,20,0.25,5,0.9,18,0.05,1,1.0,20,1.0,20,0.0,0,0.0,0,1.0,20.0
wresanthamulf,neutral,20,77.3,10.463470290793383,74.0,67,103,465.4,66.61705171311148,440.0,393,640,5.0,1.4509525002200234,5.5,3,8,2.85,0.3663475485325232,3.0,2,3,16.0,0.0,16.0,16,16,118.55,16.47478136585222,113.0,100,166,3.6801000000000004,0.4035612390755714,3.6965,2.857,4.478,3.2,0.523148363780597,3.0,2,4,0.5,0.512989176042577,0.5,0,1,0.95,0.22360679774997896,1.0,0,1,1.0,0.45883146774112354,1.0,0,2,2.45,0.887041208323017,2.5,1,4,0.9,0.3077935056255463,1.0,0,1,1.0,20,1.0,20,1.0,20,0.0,0,0.55,11,0.0,0,1.0,20,0.0,0,0.0,0,0.0,0,0.9,18,0.0,0,0.0,0,1.0,20,0.0,0,,
wresanthamulf,real_animal,20,85.65,11.855600497566316,80.0,74,114,527.8,61.37168899848134,499.5,474,686,5.05,1.4317821063276355,4.5,4,9,2.6,1.2311740225021848,3.0,0,5,22.0,0.0,22.0,22,22,127.15,15.128484809510134,121.0,113,162,4.01785,0.459941789795187,3.8865,3.605,5.594,3.65,1.4244112357114613,3.0,2,7,2.95,0.6048053188292994,3.0,2,4,1.0,0.0,1.0,1,1,0.0,0.0,0.0,0,0,3.95,0.6048053188292994,4.0,3,5,0.15,0.48936048492959283,0.0,0,2,1.0,20,1.0,20,0.65,13,0.15,3,0.2,4,0.05,1,0.85,17,0.05,1,0.05,1,0.0,0,0.0,0,0.0,0,0.0,0,0.55,11,0.0,0,1.0,20.0
wresanthamulf,real_idea,20,87.8,11.367543825804187,87.5,68,111,530.25,64.56076289251202,529.0,434,639,5.25,1.6819474927657676,5.0,2,9,2.45,1.3945382182304158,2.0,0,7,22.0,0.0,22.0,22,22,131.65,15.322068707380351,127.0,109,163,4.1207,0.6823183467530312,3.989,3.36,6.425,2.4,1.046296727561194,2.0,1,5,0.3,0.47016234598162726,0.0,0,1,1.15,0.4893604849295929,1.0,0,2,1.7,0.8645047258706174,2.0,0,3,3.15,1.1367080817685316,3.5,1,5,1.15,0.5871429486123998,1.0,0,2,1.0,20,1.0,20,0.95,19,0.4,8,0.15,3,0.3,6,0.95,19,0.0,0,0.0,0,0.0,0,0.85,17,0.0,0,0.0,0,0.9,18,0.0,0,0.6,12.0
wresanthamulf,real_object,20,87.75,13.649272199606374,87.5,65,111,540.45,78.55167591766381,535.5,412,693,4.1,0.967906041546987,4.0,3,6,3.3,0.9233805168766387,3.0,3,6,22.0,0.0,22.0,22,22,132.35,18.230324649937124,131.0,108,162,3.53925,0.5170458469949613,3.4655,2.711,4.449,3.85,1.4608937423083819,4.0,2,7,0.2,0.41039134083406165,0.0,0,1,2.2,0.5231483637805969,2.0,1,3,0.3,0.4701623459816272,0.0,0,1,2.7,0.8645047258706176,3.0,1,4,0.55,0.6863327411532596,0.0,0,2,1.0,20,1.0,20,0.7,14,0.25,5,0.05,1,0.2,4,0.95,19,0.0,0,0.0,0,0.05,1,0.3,6,0.0,0,0.0,0,0.65,13,0.0,0,1.0,20.0
wresanthamulf,type_of_animal,20,136.1,11.22919128174889,135.0,120,157,831.0,70.91581369186244,834.5,731,946,4.55,0.9986833437344549,5.0,3,7,4.2,1.5078740698501039,3.0,3,6,23.0,0.0,23.0,23,23,203.7,17.152873013917493,206.5,173,234,5.6444,1.050675742457907,5.484,4.671,9.811,4.45,1.190974832912761,4.0,3,7,4.95,1.4317821063276353,5.0,2,7,0.1,0.3077935056255462,0.0,0,1,0.0,0.0,0.0,0,0,5.05,1.4680814547887788,5.0,2,8,0.65,0.489360484929593,1.0,0,1,1.0,20,1.0,20,1.0,20,0.6,12,1.0,20,0.6,12,0.6,12,0.05,1,0.0,0,0.0,0,0.0,0,0.45,9,0.45,9,0.45,9,0.45,9,1.0,20.0
wresanthamulf,type_of_idea,20,145.65,15.486071840613148,147.0,111,177,892.8,81.72650153182612,906.5,724,1075,4.6,1.8467610337532774,4.0,2,9,4.25,1.4823523268955432,3.0,3,6,23.0,0.0,23.0,23,23,215.85,18.882670975206196,217.0,180,251,5.94105,0.5420122813718289,5.9985,5.037,6.834,4.4,1.187655806953123,5.0,2,6,0.0,0.0,0.0,0,0,0.05,0.22360679774997894,0.0,0,1,3.35,1.6311119875071343,3.0,1,7,3.4,1.6351404253232553,3.0,1,7,1.55,0.6863327411532597,1.0,1,3,1.0,20,1.0,20,1.0,20,0.3,6,0.95,19,0.15,3,0.75,15,0.05,1,0.0,0,0.35,7,1.0,20,0.1,2,0.55,11,0.35,7,0.55,11,1.0,20.0
wresanthamulf,type_of_object,20,113.95,13.701613427852786,114.5,83,156,679.35,80.20386852462784,684.0,515,919,4.75,1.332784974957958,5.0,2,8,3.4,0.9403246919632545,3.0,3,6,23.0,0.0,23.0,23,23,168.55,18.42902459080298,166.5,129,224,4.57475,0.5504205927718988,4.5415,3.388,6.067,5.2,1.1516578439248717,5.0,3,7,0.15,0.36634754853252327,0.0,0,1,1.85,0.8750939799154207,2.0,0,4,0.55,0.5104177855340405,1.0,0,1,2.55,1.5381123085406379,3.0,0,6,1.0,0.8583950752789521,1.0,0,3,1.0,20,1.0,20,1.0,20,0.1,2,1.0,20,0.15,3,1.0,20,0.0,0,0.0,0,0.3,6,0.55,11,0.05,1,0.05,1,0.95,19,0.05,1,0.95,19.0
zlippparnsie,imaginary_animal,20,204.7,8.189209845567332,204.5,194,222,1327.65,43.38478389578782,1319.0,1250,1414,10.15,1.0399898784932577,10.5,8,11,0.9,1.4104870379448817,0.0,0,3,23.0,0.0,23.0,23,23,321.55,9.202259447949096,320.5,309,338,8.4604,0.5363206425068378,8.46,7.786,9.898,0.45,0.5104177855340404,0.0,0,1,7.2,1.823819012257983,7.0,5,11,1.1,0.8522416262267903,1.0,0,3,0.0,0.0,0.0,0,0,8.3,2.054520048960084,8.0,6,13,2.7,0.9233805168766387,2.0,2,5,1.0,20,0.45,9,0.0,0,0.0,0,0.9,18,0.4,8,0.0,0,1.0,20,1.0,20,0.05,1,0.25,5,1.0,20,1.0,20,0.0,0,0.0,0,1.0,20.0
zlippparnsie,imaginary_idea,20,147.55,14.55108966800479,144.0,128,181,898.55,119.50400786056025,860.0,786,1251,4.8,1.704483252453581,4.0,3,8,3.6,1.5694450913417908,3.0,3,8,23.0,0.0,23.0,23,23,221.2,28.376417191597305,211.5,193,300,6.3346,0.9483528324082984,5.926500000000001,5.205,8.553,1.6,1.2732056517228265,1.0,0,5,0.65,0.6708203932499369,1.0,0,2,0.7,1.2182817926554554,0.0,0,5,2.65,1.0399898784932573,2.0,1,5,4.0,2.224268064117415,3.0,1,9,1.9,0.967906041546987,2.0,1,5,1.0,20,0.85,17,0.35,7,0.0,0,1.0,20,0.25,5,0.55,11,0.2,4,0.05,1,0.4,8,1.0,20,0.2,4,0.8,16,0.05,1,0.25,5,0.95,19.0
zlippparnsie,imaginary_object,20,197.35,29.059421880003054,203.0,118,227,1209.1,191.26171102775157,1252.0,707,1432,9.05,2.704285098641939,10.0,2,13,1.9,2.074912807299318,1.5,0,6,23.0,0.0,23.0,23,23,289.9,43.59973442700381,304.5,182,343,7.709650000000001,1.1871820804347,8.1405,4.845,8.772,2.3,1.1285761872936693,2.0,0,5,0.4,0.5982430416161187,0.0,0,2,6.55,2.7999060134601885,8.0,0,10,0.25,0.4442616583193193,0.0,0,1,7.2,3.1051739505473592,8.0,0,12,2.45,0.8870412083230168,2.5,1,4,1.0,20,0.95,19,0.05,1,0.0,0,0.75,15,0.25,5,0.15,3,0.9,18,0.3,6,0.85,17,0.15,3,0.7,14,0.85,17,0.05,1,0.0,0,0.9,18.0
zlippparnsie,neutral,20,78.35,6.603627392338403,77.5,69,92,468.45,39.298419681632026,466.5,420,551,4.7,1.3018205875255098,4.0,3,7,3.0,0.0,3.0,3,3,16.0,0.0,16.0,16,16,122.7,10.208871271182675,121.5,107,144,3.8015999999999996,0.3435315660053751,3.808,3.196,4.466,2.85,0.670820393249937,3.0,2,4,0.2,0.41039134083406165,0.0,0,1,0.75,0.7863975156570492,1.0,0,3,0.3,0.47016234598162726,0.0,0,1,1.25,1.446411166701189,1.0,0,5,0.35,0.48936048492959294,0.0,0,1,1.0,20,1.0,20,1.0,20,0.0,0,0.95,19,0.0,0,1.0,20,0.05,1,0.0,0,0.0,0,0.3,6,0.0,0,0.0,0,1.0,20,0.0,0,,
zlippparnsie,real_animal,20,83.15,5.687243342965488,82.0,72,99,479.15,38.703019058085474,474.5,408,581,5.4,0.7539370349250519,5.0,4,7,0.45,1.0990426455975697,0.0,0,3,22.0,0.0,22.0,22,22,112.85,8.31786283279925,110.5,98,132,3.4635,0.5339138014402897,3.346,2.978,5.305,4.2,0.6155870112510924,4.0,3,6,2.45,0.6048053188292993,2.0,2,4,1.0,0.0,1.0,1,1,0.0,0.0,0.0,0,0,3.45,0.6048053188292993,3.0,3,5,0.1,0.3077935056255462,0.0,0,1,1.0,20,1.0,20,0.95,19,0.2,4,0.1,2,0.1,2,0.95,19,0.0,0,0.0,0,0.0,0,0.0,0,0.0,0,0.0,0,0.95,19,0.0,0,1.0,20.0
zlippparnsie,real_idea,20,91.25,11.082822175259377,89.0,72,109,544.2,68.24229279791085,529.0,415,641,4.85,0.7451598203705945,5.0,4,7,2.4,1.353358395757909,3.0,0,6,22.0,0.0,22.0,22,22,133.3,18.547520759276413,133.0,99,167,4.08795,0.5207457683583784,4.141,3.247,5.4,3.5,1.3572417850765923,3.0,2,6,0.0,0.0,0.0,0,0,1.1,0.4472135954999579,1.0,0,2,1.8,0.8335087534664907,2.0,0,4,2.9,0.967906041546987,3.0,1,5,1.1,0.30779350562554625,1.0,1,2,1.0,20,1.0,20,1.0,20,0.6,12,0.2,4,0.1,2,0.9,18,0.0,0,0.0,0,0.0,0,1.0,20,0.0,0,0.0,0,0.9,18,0.0,0,0.55,11.0
zlippparnsie,real_object,20,82.1,11.769273107277451,80.5,66,101,477.8,67.15151759855821,465.0,366,586,4.95,0.8870412083230169,5.0,3,6,1.2,1.5078740698501039,0.0,0,3,22.0,0.0,22.0,22,22,114.8,17.934383325421532,109.0,90,144,3.1554,0.43622210663352384,2.9995000000000003,2.527,3.955,3.95,0.8255779474818964,4.0,2,6,0.0,0.0,0.0,0,0,2.15,0.4893604849295929,2.0,2,4,0.0,0.0,0.0,0,0,2.15,0.4893604849295929,2.0,2,4,0.15,0.36634754853252327,0.0,0,1,1.0,20,1.0,20,0.95,19,0.25,5,0.15,3,0.05,1,1.0,20,0.0,0,0.0,0,0.0,0,0.1,2,0.0,0,0.0,0,0.95,19,0.0,0,1.0,20.0
zlippparnsie,type_of_animal,20,124.9,12.85096760641208,125.5,104,148,744.0,90.14199325158292,748.0,599,901,4.85,0.8127277008872492,5.0,3,6,2.85,1.5312533566021214,3.0,0,6,23.0,0.0,23.0,23,23,183.3,22.50403472596344,186.5,146,218,8.10885,13.51527860676283,4.98,4.062,65.392,4.05,1.3168942730211068,3.5,3,7,4.25,1.3327849749579577,4.0,2,6,0.15,0.3663475485325232,0.0,0,1,0.0,0.0,0.0,0,0,4.4,1.3533583957579092,5.0,2,6,0.55,0.5104177855340404,1.0,0,1,1.0,20,1.0,20,1.0,20,0.4,8,1.0,20,0.55,11,0.9,18,0.0,0,0.0,0,0.0,0,0.0,0,0.25,5,0.25,5,0.7,14,0.25,5,1.0,20.0
zlippparnsie,type_of_idea,20,127.25,12.71499322184557,125.5,110,164,752.65,77.51079721052112,722.0,655,961,4.2,0.6155870112510924,4.0,3,5,3.3,0.9233805168766387,3.0,3,6,23.0,0.0,23.0,23,23,188.35,17.791999976334726,184.5,162,238,5.0236,0.4123686904241219,4.9775,4.409,6.081,4.75,1.3717065820970682,5.0,2,7,0.0,0.0,0.0,0,0,0.0,0.0,0.0,0,0,2.2,1.105012502906165,2.0,0,4,2.2,1.105012502906165,2.0,0,4,1.05,0.5104177855340405,1.0,0,2,1.0,20,1.0,20,1.0,20,0.3,6,1.0,20,0.05,1,0.75,15,0.05,1,0.0,0,0.05,1,0.9,18,0.0,0,0.15,3,0.65,13,0.15,3,0.9,18.0
zlippparnsie,type_of_object,20,114.4,18.47444892704231,114.5,85,153,678.6,102.25581954871296,679.5,510,885,5.05,1.234376040972246,5.0,4,9,3.65,0.9333020044867297,3.0,3,5,23.0,0.0,23.0,23,23,170.6,25.020833424631526,172.5,128,217,4.76,0.5987013138100623,4.7705,3.723,5.809,4.25,1.2513150976809202,4.5,2,6,0.0,0.0,0.0,0,0,1.4,1.0462967275611939,1.0,0,4,0.35,0.4893604849295929,0.0,0,1,1.75,1.2513150976809202,2.0,0,4,0.6,0.6805570473787205,0.5,0,2,1.0,20,1.0,20,1.0,20,0.05,1,1.0,20,0.1,2,0.95,19,0.0,0,0.0,0,0.15,3,0.35,7,0.0,0,0.05,1,0.9,18,0.05,1,0.65,13.0
